<?xml version="1.0" encoding="UTF-8"?>
<project-private xmlns="http://www.netbeans.org/ns/project-private/1">
    <editor-bookmarks xmlns="http://www.netbeans.org/ns/editor-bookmarks/2" lastBookmarkId="0"/>
    <open-files xmlns="http://www.netbeans.org/ns/projectui-open-files/2">
        <group>
            <file>file:/C:/Users/baohc/Desktop/LAB211/Product%20Management/ProductMng/src/productmng/Menu.java</file>
            <file>file:/C:/Users/baohc/Desktop/LAB211/Product%20Management/ProductMng/src/productmng/InputProduct.java</file>
            <file>file:/C:/Users/baohc/Desktop/LAB211/Product%20Management/ProductMng/src/productmng/ManagerProduct.java</file>
            <file>file:/C:/Users/baohc/Desktop/LAB211/Product%20Management/ProductMng/src/productmng/Product.java</file>
            <file>file:/C:/Users/baohc/Desktop/LAB211/Product%20Management/ProductMng/src/productmng/ProductList.java</file>
        </group>
    </open-files>
</project-private>
